home_away,outcome,goalspergame
home,Win,2.461060142711519
home,Lose,0.6049302627311061
home,Draw,1.00259355316784
away,Win,2.319331819656179
away,Lose,0.5507645259938838
away,Draw,1.00259355316784
